"name","capital","region","subregion","population","flag","language","currency"
"Togo","Lomé","Africa","Western Africa","8278737","https://flagcdn.com/w320/tg.png","French","West African CFA franc (Fr)"
"Mayotte","Mamoudzou","Africa","Eastern Africa","226915","https://flagcdn.com/w320/yt.png","French","Euro (€)"
"Georgia","Tbilisi","Asia","Western Asia","3714000","https://flagcdn.com/w320/ge.png","Georgian","lari (₾)"
"Vanuatu","Port Vila","Oceania","Melanesia","307150","https://flagcdn.com/w320/vu.png","Bislama","Vanuatu vatu (Vt)"
"Kyrgyzstan","Bishkek","Asia","Central Asia","6591600","https://flagcdn.com/w320/kg.png","Kyrgyz","Kyrgyzstani som (с)"
"Niger","Niamey","Africa","Western Africa","24206636","https://flagcdn.com/w320/ne.png","French","West African CFA franc (Fr)"
"China","Beijing","Asia","Eastern Asia","1402112000","https://flagcdn.com/w320/cn.png","Chinese","Chinese yuan (¥)"
"Tuvalu","Funafuti","Oceania","Polynesia","11792","https://flagcdn.com/w320/tv.png","English","Australian dollar ($)"
"Comoros","Moroni","Africa","Eastern Africa","869595","https://flagcdn.com/w320/km.png","Arabic","Comorian franc (Fr)"
"Bosnia and Herzegovina","Sarajevo","Europe","Southeast Europe","3280815","https://flagcdn.com/w320/ba.png","Bosnian","Bosnia and Herzegovina convertible mark (KM)"
"Bahrain","Manama","Asia","Western Asia","1701583","https://flagcdn.com/w320/bh.png","Arabic","Bahraini dinar (.د.ب)"
"Somalia","Mogadishu","Africa","Eastern Africa","15893219","https://flagcdn.com/w320/so.png","Arabic","Somali shilling (Sh)"
"Saint Barthélemy","Gustavia","Americas","Caribbean","4255","https://flagcdn.com/w320/bl.png","French","Euro (€)"
"Latvia","Riga","Europe","Northern Europe","1901548","https://flagcdn.com/w320/lv.png","Latvian","Euro (€)"
"Cayman Islands","George Town","Americas","Caribbean","65720","https://flagcdn.com/w320/ky.png","English","Cayman Islands dollar ($)"
"Netherlands","Amsterdam","Europe","Western Europe","16655799","https://flagcdn.com/w320/nl.png","Dutch","Euro (€)"
"Lesotho","Maseru","Africa","Southern Africa","2142252","https://flagcdn.com/w320/ls.png","English","Lesotho loti (L)"
"Venezuela","Caracas","Americas","South America","28435943","https://flagcdn.com/w320/ve.png","Spanish","Venezuelan bolívar soberano (Bs.S.)"
"Kenya","Nairobi","Africa","Eastern Africa","53771300","https://flagcdn.com/w320/ke.png","English","Kenyan shilling (Sh)"
"Turkey","Ankara","Asia","Western Asia","84339067","https://flagcdn.com/w320/tr.png","Turkish","Turkish lira (₺)"
"Fiji","Suva","Oceania","Melanesia","896444","https://flagcdn.com/w320/fj.png","English","Fijian dollar ($)"
"Trinidad and Tobago","Port of Spain","Americas","Caribbean","1399491","https://flagcdn.com/w320/tt.png","English","Trinidad and Tobago dollar ($)"
"Honduras","Tegucigalpa","Americas","Central America","9904608","https://flagcdn.com/w320/hn.png","Spanish","Honduran lempira (L)"
"Jersey","Saint Helier","Europe","Northern Europe","100800","https://flagcdn.com/w320/je.png","English","British pound (£)"
"Djibouti","Djibouti","Africa","Eastern Africa","988002","https://flagcdn.com/w320/dj.png","Arabic","Djiboutian franc (Fr)"
"Réunion","Saint-Denis","Africa","Eastern Africa","840974","https://flagcdn.com/w320/re.png","French","Euro (€)"
"Eswatini","Mbabane","Africa","Southern Africa","1160164","https://flagcdn.com/w320/sz.png","English","Swazi lilangeni (L)"
"Tajikistan","Dushanbe","Asia","Central Asia","9537642","https://flagcdn.com/w320/tj.png","Russian","Tajikistani somoni (ЅМ)"
"Saudi Arabia","Riyadh","Asia","Western Asia","34813867","https://flagcdn.com/w320/sa.png","Arabic","Saudi riyal (ر.س)"
"Bermuda","Hamilton","Americas","North America","63903","https://flagcdn.com/w320/bm.png","English","Bermudian dollar ($)"
"New Zealand","Wellington","Oceania","Australia and New Zealand","5084300","https://flagcdn.com/w320/nz.png","English","New Zealand dollar ($)"
"Belarus","Minsk","Europe","Eastern Europe","9398861","https://flagcdn.com/w320/by.png","Belarusian","Belarusian ruble (Br)"
"Christmas Island","Flying Fish Cove","Oceania","Australia and New Zealand","2072","https://flagcdn.com/w320/cx.png","English","Australian dollar ($)"
"Gambia","Banjul","Africa","Western Africa","2416664","https://flagcdn.com/w320/gm.png","English","dalasi (D)"
"French Polynesia","Papeetē","Oceania","Polynesia","280904","https://flagcdn.com/w320/pf.png","French","CFP franc (₣)"
"DR Congo","Kinshasa","Africa","Middle Africa","108407721","https://flagcdn.com/w320/cd.png","French","Congolese franc (FC)"
"Costa Rica","San José","Americas","Central America","5094114","https://flagcdn.com/w320/cr.png","Spanish","Costa Rican colón (₡)"
"Malawi","Lilongwe","Africa","Eastern Africa","19129955","https://flagcdn.com/w320/mw.png","English","Malawian kwacha (MK)"
"Republic of the Congo","Brazzaville","Africa","Middle Africa","5657000","https://flagcdn.com/w320/cg.png","French","Central African CFA franc (Fr)"
"Oman","Muscat","Asia","Western Asia","5106622","https://flagcdn.com/w320/om.png","Arabic","Omani rial (ر.ع.)"
"Iraq","Baghdad","Asia","Western Asia","40222503","https://flagcdn.com/w320/iq.png","Arabic","Iraqi dinar (ع.د)"
"Niue","Alofi","Oceania","Polynesia","1470","https://flagcdn.com/w320/nu.png","English","New Zealand dollar ($)"
"Senegal","Dakar","Africa","Western Africa","16743930","https://flagcdn.com/w320/sn.png","French","West African CFA franc (Fr)"
"Lebanon","Beirut","Asia","Western Asia","6825442","https://flagcdn.com/w320/lb.png","Arabic","Lebanese pound (ل.ل)"
"Angola","Luanda","Africa","Middle Africa","32866268","https://flagcdn.com/w320/ao.png","Portuguese","Angolan kwanza (Kz)"
"Iran","Tehran","Asia","Southern Asia","83992953","https://flagcdn.com/w320/ir.png","Persian (Farsi)","Iranian rial (﷼)"
"Ecuador","Quito","Americas","South America","17643060","https://flagcdn.com/w320/ec.png","Spanish","United States dollar ($)"
"Laos","Vientiane","Asia","South-Eastern Asia","7275556","https://flagcdn.com/w320/la.png","Lao","Lao kip (₭)"
"Sri Lanka","Sri Jayawardenepura Kotte","Asia","Southern Asia","21919000","https://flagcdn.com/w320/lk.png","Sinhala","Sri Lankan rupee (Rs  රු)"
"Aruba","Oranjestad","Americas","Caribbean","106766","https://flagcdn.com/w320/aw.png","Dutch","Aruban florin (ƒ)"
"São Tomé and Príncipe","São Tomé","Africa","Middle Africa","219161","https://flagcdn.com/w320/st.png","Portuguese","São Tomé and Príncipe dobra (Db)"
"Grenada","St. George's","Americas","Caribbean","112519","https://flagcdn.com/w320/gd.png","English","Eastern Caribbean dollar ($)"
"Montserrat","Plymouth","Americas","Caribbean","4922","https://flagcdn.com/w320/ms.png","English","Eastern Caribbean dollar ($)"
"Western Sahara","El Aaiún","Africa","Northern Africa","510713","https://flagcdn.com/w320/eh.png","Berber","Algerian dinar (دج)"
"Guinea","Conakry","Africa","Western Africa","13132792","https://flagcdn.com/w320/gn.png","French","Guinean franc (Fr)"
"British Virgin Islands","Road Town","Americas","Caribbean","30237","https://flagcdn.com/w320/vg.png","English","United States dollar ($)"
"Panama","Panama City","Americas","Central America","4314768","https://flagcdn.com/w320/pa.png","Spanish","Panamanian balboa (B/.)"
"Yemen","Sana'a","Asia","Western Asia","29825968","https://flagcdn.com/w320/ye.png","Arabic","Yemeni rial (﷼)"
"Estonia","Tallinn","Europe","Northern Europe","1331057","https://flagcdn.com/w320/ee.png","Estonian","Euro (€)"
"Guyana","Georgetown","Americas","South America","786559","https://flagcdn.com/w320/gy.png","English","Guyanese dollar ($)"
"Luxembourg","Luxembourg","Europe","Western Europe","632275","https://flagcdn.com/w320/lu.png","German","Euro (€)"
"Namibia","Windhoek","Africa","Southern Africa","2540916","https://flagcdn.com/w320/na.png","Afrikaans","Namibian dollar ($)"
"Kosovo","Pristina","Europe","Southeast Europe","1775378","https://flagcdn.com/w320/xk.png","Albanian","Euro (€)"
"New Caledonia","Nouméa","Oceania","Melanesia","271960","https://flagcdn.com/w320/nc.png","French","CFP franc (₣)"
"Saint Pierre and Miquelon","Saint-Pierre","Americas","North America","6069","https://flagcdn.com/w320/pm.png","French","Euro (€)"
"Libya","Tripoli","Africa","Northern Africa","6871287","https://flagcdn.com/w320/ly.png","Arabic","Libyan dinar (ل.د)"
"Myanmar","Naypyidaw","Asia","South-Eastern Asia","54409794","https://flagcdn.com/w320/mm.png","Burmese","Burmese kyat (Ks)"
"Israel","Jerusalem","Asia","Western Asia","9216900","https://flagcdn.com/w320/il.png","Arabic","Israeli new shekel (₪)"
"Mali","Bamako","Africa","Western Africa","20250834","https://flagcdn.com/w320/ml.png","French","West African CFA franc (Fr)"
"Argentina","Buenos Aires","Americas","South America","45376763","https://flagcdn.com/w320/ar.png","Guaraní","Argentine peso ($)"
"French Guiana","Cayenne","Americas","South America","254541","https://flagcdn.com/w320/gf.png","French","Euro (€)"
"Uganda","Kampala","Africa","Eastern Africa","45741000","https://flagcdn.com/w320/ug.png","English","Ugandan shilling (Sh)"
"Malaysia","Kuala Lumpur","Asia","South-Eastern Asia","32365998","https://flagcdn.com/w320/my.png","English","Malaysian ringgit (RM)"
"Zambia","Lusaka","Africa","Eastern Africa","18383956","https://flagcdn.com/w320/zm.png","English","Zambian kwacha (ZK)"
"Micronesia","Palikir","Oceania","Micronesia","115021","https://flagcdn.com/w320/fm.png","English","United States dollar ($)"
"Slovakia","Bratislava","Europe","Central Europe","5458827","https://flagcdn.com/w320/sk.png","Slovak","Euro (€)"
"Burundi","Gitega","Africa","Eastern Africa","11890781","https://flagcdn.com/w320/bi.png","French","Burundian franc (Fr)"
"Serbia","Belgrade","Europe","Southeast Europe","6908224","https://flagcdn.com/w320/rs.png","Serbian","Serbian dinar (дин.)"
"Turkmenistan","Ashgabat","Asia","Central Asia","6031187","https://flagcdn.com/w320/tm.png","Russian","Turkmenistan manat (m)"
"South Africa","Pretoria","Africa","Southern Africa","59308690","https://flagcdn.com/w320/za.png","Afrikaans","South African rand (R)"
"Kazakhstan","Astana","Asia","Central Asia","18754440","https://flagcdn.com/w320/kz.png","Kazakh","Kazakhstani tenge (₸)"
"Canada","Ottawa","Americas","North America","38005238","https://flagcdn.com/w320/ca.png","English","Canadian dollar ($)"
"Poland","Warsaw","Europe","Central Europe","37950802","https://flagcdn.com/w320/pl.png","Polish","Polish złoty (zł)"
"Puerto Rico","San Juan","Americas","Caribbean","3194034","https://flagcdn.com/w320/pr.png","English","United States dollar ($)"
"Cocos (Keeling) Islands","West Island","Oceania","Australia and New Zealand","544","https://flagcdn.com/w320/cc.png","English","Australian dollar ($)"
"San Marino","City of San Marino","Europe","Southern Europe","33938","https://flagcdn.com/w320/sm.png","Italian","Euro (€)"
"American Samoa","Pago Pago","Oceania","Polynesia","55197","https://flagcdn.com/w320/as.png","English","United States dollar ($)"
"Qatar","Doha","Asia","Western Asia","2881060","https://flagcdn.com/w320/qa.png","Arabic","Qatari riyal (ر.ق)"
"Gibraltar","Gibraltar","Europe","Southern Europe","33691","https://flagcdn.com/w320/gi.png","English","Gibraltar pound (£)"
"Croatia","Zagreb","Europe","Southeast Europe","4047200","https://flagcdn.com/w320/hr.png","Croatian","Euro (€)"
"Svalbard and Jan Mayen","Longyearbyen","Europe","Northern Europe","2562","https://flagcdn.com/w320/sj.png","Norwegian","krone (kr)"
"Isle of Man","Douglas","Europe","Northern Europe","85032","https://flagcdn.com/w320/im.png","English","British pound (£)"
"Palestine","Ramallah","Asia","Western Asia","4803269","https://flagcdn.com/w320/ps.png","Arabic","Egyptian pound (E£)"
"Mauritius","Port Louis","Africa","Eastern Africa","1265740","https://flagcdn.com/w320/mu.png","English","Mauritian rupee (₨)"
"Saint Martin","Marigot","Americas","Caribbean","38659","https://flagcdn.com/w320/mf.png","French","Euro (€)"
"Sierra Leone","Freetown","Africa","Western Africa","7976985","https://flagcdn.com/w320/sl.png","English","Leone (Le)"
"Saint Kitts and Nevis","Basseterre","Americas","Caribbean","53192","https://flagcdn.com/w320/kn.png","English","Eastern Caribbean dollar ($)"
"Iceland","Reykjavik","Europe","Northern Europe","366425","https://flagcdn.com/w320/is.png","Icelandic","Icelandic króna (kr)"
"Kuwait","Kuwait City","Asia","Western Asia","4270563","https://flagcdn.com/w320/kw.png","Arabic","Kuwaiti dinar (د.ك)"
"Taiwan","Taipei","Asia","Eastern Asia","23503349","https://flagcdn.com/w320/tw.png","Chinese","New Taiwan dollar ($)"
"Cameroon","Yaoundé","Africa","Middle Africa","26545864","https://flagcdn.com/w320/cm.png","English","Central African CFA franc (Fr)"
"El Salvador","San Salvador","Americas","Central America","6486201","https://flagcdn.com/w320/sv.png","Spanish","United States dollar ($)"
"Cuba","Havana","Americas","Caribbean","11326616","https://flagcdn.com/w320/cu.png","Spanish","Cuban convertible peso ($)"
"Brazil","Brasília","Americas","South America","212559409","https://flagcdn.com/w320/br.png","Portuguese","Brazilian real (R$)"
"Solomon Islands","Honiara","Oceania","Melanesia","686878","https://flagcdn.com/w320/sb.png","English","Solomon Islands dollar ($)"
"Greece","Athens","Europe","Southern Europe","10715549","https://flagcdn.com/w320/gr.png","Greek","Euro (€)"
"Norway","Oslo","Europe","Northern Europe","5379475","https://flagcdn.com/w320/no.png","Norwegian Nynorsk","Norwegian krone (kr)"
"Jamaica","Kingston","Americas","Caribbean","2961161","https://flagcdn.com/w320/jm.png","English","Jamaican dollar ($)"
"Tanzania","Dodoma","Africa","Eastern Africa","59734213","https://flagcdn.com/w320/tz.png","English","Tanzanian shilling (Sh)"
"Bolivia","Sucre","Americas","South America","11673029","https://flagcdn.com/w320/bo.png","Aymara","Bolivian boliviano (Bs.)"
"Cyprus","Nicosia","Europe","Southern Europe","1207361","https://flagcdn.com/w320/cy.png","Greek","Euro (€)"
"Mongolia","Ulan Bator","Asia","Eastern Asia","3278292","https://flagcdn.com/w320/mn.png","Mongolian","Mongolian tögrög (₮)"
"Monaco","Monaco","Europe","Western Europe","39244","https://flagcdn.com/w320/mc.png","French","Euro (€)"
"Tunisia","Tunis","Africa","Northern Africa","11818618","https://flagcdn.com/w320/tn.png","Arabic","Tunisian dinar (د.ت)"
"French Southern and Antarctic Lands","Port-aux-Français","Antarctic","","400","https://flagcdn.com/w320/tf.png","French","Euro (€)"
"Syria","Damascus","Asia","Western Asia","17500657","https://flagcdn.com/w320/sy.png","Arabic","Syrian pound (£)"
"Chile","Santiago","Americas","South America","19116209","https://flagcdn.com/w320/cl.png","Spanish","Chilean peso ($)"
"Azerbaijan","Baku","Asia","Western Asia","10110116","https://flagcdn.com/w320/az.png","Azerbaijani","Azerbaijani manat (₼)"
"France","Paris","Europe","Western Europe","67391582","https://flagcdn.com/w320/fr.png","French","Euro (€)"
"South Korea","Seoul","Asia","Eastern Asia","51780579","https://flagcdn.com/w320/kr.png","Korean","South Korean won (₩)"
"Ghana","Accra","Africa","Western Africa","31072945","https://flagcdn.com/w320/gh.png","English","Ghanaian cedi (₵)"
"Denmark","Copenhagen","Europe","Northern Europe","5831404","https://flagcdn.com/w320/dk.png","Danish","Danish krone (kr)"
"Sint Maarten","Philipsburg","Americas","Caribbean","40812","https://flagcdn.com/w320/sx.png","English","Netherlands Antillean guilder (ƒ)"
"Andorra","Andorra la Vella","Europe","Southern Europe","77265","https://flagcdn.com/w320/ad.png","Catalan","Euro (€)"
"Curaçao","Willemstad","Americas","Caribbean","155014","https://flagcdn.com/w320/cw.png","English","Netherlands Antillean guilder (ƒ)"
"Switzerland","Bern","Europe","Western Europe","8654622","https://flagcdn.com/w320/ch.png","French","Swiss franc (Fr.)"
"North Macedonia","Skopje","Europe","Southeast Europe","2077132","https://flagcdn.com/w320/mk.png","Macedonian","denar (den)"
"South Sudan","Juba","Africa","Middle Africa","11193729","https://flagcdn.com/w320/ss.png","English","South Sudanese pound (£)"
"Haiti","Port-au-Prince","Americas","Caribbean","11402533","https://flagcdn.com/w320/ht.png","French","Haitian gourde (G)"
"Peru","Lima","Americas","South America","32971846","https://flagcdn.com/w320/pe.png","Aymara","Peruvian sol (S/ )"
"Guinea-Bissau","Bissau","Africa","Western Africa","1967998","https://flagcdn.com/w320/gw.png","Portuguese","West African CFA franc (Fr)"
"Czechia","Prague","Europe","Central Europe","10698896","https://flagcdn.com/w320/cz.png","Czech","Czech koruna (Kč)"
"Portugal","Lisbon","Europe","Southern Europe","10305564","https://flagcdn.com/w320/pt.png","Portuguese","Euro (€)"
"Gabon","Libreville","Africa","Middle Africa","2225728","https://flagcdn.com/w320/ga.png","French","Central African CFA franc (Fr)"
"Mexico","Mexico City","Americas","North America","128932753","https://flagcdn.com/w320/mx.png","Spanish","Mexican peso ($)"
"Italy","Rome","Europe","Southern Europe","59554023","https://flagcdn.com/w320/it.png","Italian","Euro (€)"
"Finland","Helsinki","Europe","Northern Europe","5530719","https://flagcdn.com/w320/fi.png","Finnish","Euro (€)"
"Zimbabwe","Harare","Africa","Southern Africa","14862927","https://flagcdn.com/w320/zw.png","Chibarwe","Zimbabwean dollar ($)"
"Spain","Madrid","Europe","Southern Europe","47351567","https://flagcdn.com/w320/es.png","Spanish","Euro (€)"
"Japan","Tokyo","Asia","Eastern Asia","125836021","https://flagcdn.com/w320/jp.png","Japanese","Japanese yen (¥)"
"Seychelles","Victoria","Africa","Eastern Africa","98462","https://flagcdn.com/w320/sc.png","Seychellois Creole","Seychellois rupee (₨)"
"Albania","Tirana","Europe","Southeast Europe","2837743","https://flagcdn.com/w320/al.png","Albanian","Albanian lek (L)"
"Moldova","Chișinău","Europe","Eastern Europe","2617820","https://flagcdn.com/w320/md.png","Romanian","Moldovan leu (L)"
"Guatemala","Guatemala City","Americas","Central America","16858333","https://flagcdn.com/w320/gt.png","Spanish","Guatemalan quetzal (Q)"
"Germany","Berlin","Europe","Western Europe","83240525","https://flagcdn.com/w320/de.png","German","Euro (€)"
"Guadeloupe","Basse-Terre","Americas","Caribbean","400132","https://flagcdn.com/w320/gp.png","French","Euro (€)"
"Bulgaria","Sofia","Europe","Southeast Europe","6927288","https://flagcdn.com/w320/bg.png","Bulgarian","Bulgarian lev (лв)"
"Paraguay","Asunción","Americas","South America","7132530","https://flagcdn.com/w320/py.png","Guaraní","Paraguayan guaraní (₲)"
"Eritrea","Asmara","Africa","Eastern Africa","5352000","https://flagcdn.com/w320/er.png","Arabic","Eritrean nakfa (Nfk)"
"Sudan","Khartoum","Africa","Northern Africa","43849269","https://flagcdn.com/w320/sd.png","Arabic","Sudanese pound (ج.س)"
"Equatorial Guinea","Malabo","Africa","Middle Africa","1402985","https://flagcdn.com/w320/gq.png","French","Central African CFA franc (Fr)"
"Colombia","Bogotá","Americas","South America","50882884","https://flagcdn.com/w320/co.png","Spanish","Colombian peso ($)"
"Nigeria","Abuja","Africa","Western Africa","206139587","https://flagcdn.com/w320/ng.png","English","Nigerian naira (₦)"
"Montenegro","Podgorica","Europe","Southeast Europe","621718","https://flagcdn.com/w320/me.png","Montenegrin","Euro (€)"
"Nepal","Kathmandu","Asia","Southern Asia","29136808","https://flagcdn.com/w320/np.png","Nepali","Nepalese rupee (₨)"
"Brunei","Bandar Seri Begawan","Asia","South-Eastern Asia","437483","https://flagcdn.com/w320/bn.png","Malay","Brunei dollar ($)"
"Austria","Vienna","Europe","Central Europe","8917205","https://flagcdn.com/w320/at.png","German","Euro (€)"
"Turks and Caicos Islands","Cockburn Town","Americas","Caribbean","38718","https://flagcdn.com/w320/tc.png","English","United States dollar ($)"
"Bahamas","Nassau","Americas","Caribbean","393248","https://flagcdn.com/w320/bs.png","English","Bahamian dollar ($)"
"United Kingdom","London","Europe","Northern Europe","67215293","https://flagcdn.com/w320/gb.png","English","British pound (£)"
"British Indian Ocean Territory","Diego Garcia","Africa","Eastern Africa","3000","https://flagcdn.com/w320/io.png","English","United States dollar ($)"
"Liberia","Monrovia","Africa","Western Africa","5057677","https://flagcdn.com/w320/lr.png","English","Liberian dollar ($)"
"Anguilla","The Valley","Americas","Caribbean","13452","https://flagcdn.com/w320/ai.png","English","Eastern Caribbean dollar ($)"
"Central African Republic","Bangui","Africa","Middle Africa","4829764","https://flagcdn.com/w320/cf.png","French","Central African CFA franc (Fr)"
"Algeria","Algiers","Africa","Northern Africa","44700000","https://flagcdn.com/w320/dz.png","Arabic","Algerian dinar (د.ج)"
"Saint Lucia","Castries","Americas","Caribbean","183629","https://flagcdn.com/w320/lc.png","English","Eastern Caribbean dollar ($)"
"Romania","Bucharest","Europe","Southeast Europe","19286123","https://flagcdn.com/w320/ro.png","Romanian","Romanian leu (lei)"
"United Arab Emirates","Abu Dhabi","Asia","Western Asia","9890400","https://flagcdn.com/w320/ae.png","Arabic","United Arab Emirates dirham (د.إ)"
"Morocco","Rabat","Africa","Northern Africa","36910558","https://flagcdn.com/w320/ma.png","Arabic","Moroccan dirham (د.م.)"
"Northern Mariana Islands","Saipan","Oceania","Micronesia","57557","https://flagcdn.com/w320/mp.png","Carolinian","United States dollar ($)"
"United States Minor Outlying Islands","Washington DC","Americas","North America","300","https://flagcdn.com/w320/um.png","English","United States dollar ($)"
"Botswana","Gaborone","Africa","Southern Africa","2351625","https://flagcdn.com/w320/bw.png","English","Botswana pula (P)"
"Lithuania","Vilnius","Europe","Northern Europe","2794700","https://flagcdn.com/w320/lt.png","Lithuanian","Euro (€)"
"Caribbean Netherlands","Kralendijk","Americas","Caribbean","25987","https://flagcdn.com/w320/bq.png","English","United States dollar ($)"
"Cape Verde","Praia","Africa","Western Africa","555988","https://flagcdn.com/w320/cv.png","Portuguese","Cape Verdean escudo (Esc)"
"United States","Washington, D.C.","Americas","North America","329484123","https://flagcdn.com/w320/us.png","English","United States dollar ($)"
"Australia","Canberra","Oceania","Australia and New Zealand","25687041","https://flagcdn.com/w320/au.png","English","Australian dollar ($)"
"Guam","Hagåtña","Oceania","Micronesia","168783","https://flagcdn.com/w320/gu.png","Chamorro","United States dollar ($)"
"Tonga","Nuku'alofa","Oceania","Polynesia","105697","https://flagcdn.com/w320/to.png","English","Tongan paʻanga (T$)"
"Afghanistan","Kabul","Asia","Southern Asia","40218234","https://upload.wikimedia.org/wikipedia/commons/thumb/5/5c/Flag_of_the_Taliban.svg/320px-Flag_of_the_Taliban.svg.png","Dari","Afghan afghani (؋)"
"Falkland Islands","Stanley","Americas","South America","2563","https://flagcdn.com/w320/fk.png","English","Falkland Islands pound (£)"
"Nauru","Yaren","Oceania","Micronesia","10834","https://flagcdn.com/w320/nr.png","English","Australian dollar ($)"
"Cook Islands","Avarua","Oceania","Polynesia","18100","https://flagcdn.com/w320/ck.png","English","Cook Islands dollar ($)"
"Hungary","Budapest","Europe","Central Europe","9749763","https://flagcdn.com/w320/hu.png","Hungarian","Hungarian forint (Ft)"
"Mauritania","Nouakchott","Africa","Western Africa","4649660","https://flagcdn.com/w320/mr.png","Arabic","Mauritanian ouguiya (UM)"
"Slovenia","Ljubljana","Europe","Central Europe","2100126","https://flagcdn.com/w320/si.png","Slovene","Euro (€)"
"Chad","N'Djamena","Africa","Middle Africa","16425859","https://flagcdn.com/w320/td.png","Arabic","Central African CFA franc (Fr)"
"Vatican City","Vatican City","Europe","Southern Europe","451","https://flagcdn.com/w320/va.png","Italian","Euro (€)"
"Benin","Porto-Novo","Africa","Western Africa","12123198","https://flagcdn.com/w320/bj.png","French","West African CFA franc (Fr)"
"Singapore","Singapore","Asia","South-Eastern Asia","5685807","https://flagcdn.com/w320/sg.png","English","Singapore dollar ($)"
"Malta","Valletta","Europe","Southern Europe","525285","https://flagcdn.com/w320/mt.png","English","Euro (€)"
"Saint Vincent and the Grenadines","Kingstown","Americas","Caribbean","110947","https://flagcdn.com/w320/vc.png","English","Eastern Caribbean dollar ($)"
"Marshall Islands","Majuro","Oceania","Micronesia","59194","https://flagcdn.com/w320/mh.png","English","United States dollar ($)"
"Thailand","Bangkok","Asia","South-Eastern Asia","69799978","https://flagcdn.com/w320/th.png","Thai","Thai baht (฿)"
"Liechtenstein","Vaduz","Europe","Western Europe","38137","https://flagcdn.com/w320/li.png","German","Swiss franc (Fr)"
"Ireland","Dublin","Europe","Northern Europe","4994724","https://flagcdn.com/w320/ie.png","English","Euro (€)"
"Maldives","Malé","Asia","Southern Asia","540542","https://flagcdn.com/w320/mv.png","Maldivian","Maldivian rufiyaa (.ރ)"
"Vietnam","Hanoi","Asia","South-Eastern Asia","97338583","https://flagcdn.com/w320/vn.png","Vietnamese","Vietnamese đồng (₫)"
"Armenia","Yerevan","Asia","Western Asia","2963234","https://flagcdn.com/w320/am.png","Armenian","Armenian dram (֏)"
"Pakistan","Islamabad","Asia","Southern Asia","220892331","https://flagcdn.com/w320/pk.png","English","Pakistani rupee (₨)"
"Ivory Coast","Yamoussoukro","Africa","Western Africa","26378275","https://flagcdn.com/w320/ci.png","French","West African CFA franc (Fr)"
"Russia","Moscow","Europe","Eastern Europe","144104080","https://flagcdn.com/w320/ru.png","Russian","Russian ruble (₽)"
"Martinique","Fort-de-France","Americas","Caribbean","378243","https://flagcdn.com/w320/mq.png","French","Euro (€)"
"Timor-Leste","Dili","Asia","South-Eastern Asia","1318442","https://flagcdn.com/w320/tl.png","Portuguese","United States dollar ($)"
"Nicaragua","Managua","Americas","Central America","6624554","https://flagcdn.com/w320/ni.png","Spanish","Nicaraguan córdoba (C$)"
"Papua New Guinea","Port Moresby","Oceania","Melanesia","8947027","https://flagcdn.com/w320/pg.png","English","Papua New Guinean kina (K)"
"Egypt","Cairo","Africa","Northern Africa","102334403","https://flagcdn.com/w320/eg.png","Arabic","Egyptian pound (£)"
"Jordan","Amman","Asia","Western Asia","10203140","https://flagcdn.com/w320/jo.png","Arabic","Jordanian dinar (د.ا)"
"Uruguay","Montevideo","Americas","South America","3473727","https://flagcdn.com/w320/uy.png","Spanish","Uruguayan peso ($)"
"Burkina Faso","Ouagadougou","Africa","Western Africa","20903278","https://flagcdn.com/w320/bf.png","French","West African CFA franc (Fr)"
"Cambodia","Phnom Penh","Asia","South-Eastern Asia","16718971","https://flagcdn.com/w320/kh.png","Khmer","Cambodian riel (៛)"
"Ethiopia","Addis Ababa","Africa","Eastern Africa","114963583","https://flagcdn.com/w320/et.png","Amharic","Ethiopian birr (Br)"
"Kiribati","South Tarawa","Oceania","Micronesia","119446","https://flagcdn.com/w320/ki.png","English","Australian dollar ($)"
"Bhutan","Thimphu","Asia","Southern Asia","771612","https://flagcdn.com/w320/bt.png","Dzongkha","Bhutanese ngultrum (Nu.)"
"Dominican Republic","Santo Domingo","Americas","Caribbean","10847904","https://flagcdn.com/w320/do.png","Spanish","Dominican peso ($)"
"Suriname","Paramaribo","Americas","South America","586634","https://flagcdn.com/w320/sr.png","Dutch","Surinamese dollar ($)"
"Bangladesh","Dhaka","Asia","Southern Asia","164689383","https://flagcdn.com/w320/bd.png","Bengali","Bangladeshi taka (৳)"
"Barbados","Bridgetown","Americas","Caribbean","287371","https://flagcdn.com/w320/bb.png","English","Barbadian dollar ($)"
"North Korea","Pyongyang","Asia","Eastern Asia","25778815","https://flagcdn.com/w320/kp.png","Korean","North Korean won (₩)"
"Greenland","Nuuk","Americas","North America","56367","https://flagcdn.com/w320/gl.png","Greenlandic","krone (kr.)"
"Belgium","Brussels","Europe","Western Europe","11555997","https://flagcdn.com/w320/be.png","German","Euro (€)"
"Palau","Ngerulmud","Oceania","Micronesia","18092","https://flagcdn.com/w320/pw.png","English","United States dollar ($)"
"Norfolk Island","Kingston","Oceania","Australia and New Zealand","2302","https://flagcdn.com/w320/nf.png","English","Australian dollar ($)"
"South Georgia","King Edward Point","Antarctic","","30","https://flagcdn.com/w320/gs.png","English","British pound (£)"
"Philippines","Manila","Asia","South-Eastern Asia","109581085","https://flagcdn.com/w320/ph.png","English","Philippine peso (₱)"
"India","New Delhi","Asia","Southern Asia","1380004385","https://flagcdn.com/w320/in.png","English","Indian rupee (₹)"
"Indonesia","Jakarta","Asia","South-Eastern Asia","273523621","https://flagcdn.com/w320/id.png","Indonesian","Indonesian rupiah (Rp)"
"United States Virgin Islands","Charlotte Amalie","Americas","Caribbean","106290","https://flagcdn.com/w320/vi.png","English","United States dollar ($)"
"Dominica","Roseau","Americas","Caribbean","71991","https://flagcdn.com/w320/dm.png","English","Eastern Caribbean dollar ($)"
"Rwanda","Kigali","Africa","Eastern Africa","12952209","https://flagcdn.com/w320/rw.png","English","Rwandan franc (Fr)"
"Madagascar","Antananarivo","Africa","Eastern Africa","27691019","https://flagcdn.com/w320/mg.png","French","Malagasy ariary (Ar)"
"Hong Kong","City of Victoria","Asia","Eastern Asia","7500700","https://flagcdn.com/w320/hk.png","English","Hong Kong dollar ($)"
"Samoa","Apia","Oceania","Polynesia","198410","https://flagcdn.com/w320/ws.png","English","Samoan tālā (T)"
"Faroe Islands","Tórshavn","Europe","Northern Europe","48865","https://flagcdn.com/w320/fo.png","Danish","Danish krone (kr)"
"Pitcairn Islands","Adamstown","Oceania","Polynesia","56","https://flagcdn.com/w320/pn.png","English","New Zealand dollar ($)"
"Antigua and Barbuda","Saint John's","Americas","Caribbean","97928","https://flagcdn.com/w320/ag.png","English","Eastern Caribbean dollar ($)"
"Åland Islands","Mariehamn","Europe","Northern Europe","29458","https://flagcdn.com/w320/ax.png","Swedish","Euro (€)"
"Sweden","Stockholm","Europe","Northern Europe","10353442","https://flagcdn.com/w320/se.png","Swedish","Swedish krona (kr)"
"Mozambique","Maputo","Africa","Eastern Africa","31255435","https://flagcdn.com/w320/mz.png","Portuguese","Mozambican metical (MT)"
"Uzbekistan","Tashkent","Asia","Central Asia","34232050","https://flagcdn.com/w320/uz.png","Russian","Uzbekistani soʻm (so'm)"
"Wallis and Futuna","Mata-Utu","Oceania","Polynesia","11750","https://flagcdn.com/w320/wf.png","French","CFP franc (₣)"
"Ukraine","Kyiv","Europe","Eastern Europe","44134693","https://flagcdn.com/w320/ua.png","Ukrainian","Ukrainian hryvnia (₴)"
"Belize","Belmopan","Americas","Central America","397621","https://flagcdn.com/w320/bz.png","Belizean Creole","Belize dollar ($)"
"Saint Helena, Ascension and Tristan da Cunha","Jamestown","Africa","Western Africa","53192","https://flagcdn.com/w320/sh.png","English","Pound sterling (£)"
"Guernsey","St. Peter Port","Europe","Northern Europe","62999","https://flagcdn.com/w320/gg.png","English","British pound (£)"
"Tokelau","Fakaofo","Oceania","Polynesia","1411","https://flagcdn.com/w320/tk.png","English","New Zealand dollar ($)"
